id,status,note,prompt,expected,source
R1,PASS,"Seven fixture layers, counts, CRS and fields verified live.","NEW CHAT. ""List the layers in the project.""","Seven fixture layers with counts, CRS, fields",SMOKE_RUN_SHEET_rc18_2026-10-06.md
R2,FAIL,Hub-siting confirmation produced no calculation; stale/no-pending-task response.,"NEW CHAT. ""Use optimal_hub_siting to rank the three candidate locations in smoke_hubs by average straight-line distance to all five demand features in smoke_points. Tell me the winning hub name and each candidate's computed average distance; do not claim road-network routing or population weighting.""","**No** ""Which facility type?"" question; task 21.19, no OSM task card; Hub_A 886.49 / Hub_B 1035.21 / Hub_C 1621.51 m; **no** ""Not from a tool result"" footnote",SMOKE_RUN_SHEET_rc18_2026-10-06.md
R3,PASS,"FastSAM ran, actual detection count zero on synthetic gradient; during-download responsiveness not exercised.","NEW CHAT. ""Run extract_features_from_imagery on loaded raster smoke_image with confidence threshold 0.4. Report the model used and actual detection count; do not label synthetic shapes as real buildings.""",QGIS keeps responding during any download; a clear message or a real result; no URL in the chat,SMOKE_RUN_SHEET_rc18_2026-10-06.md
R4,PASS,"No data-standards preview appeared; Viridis applied at actual minimum 35 and maximum 214. After save/reopen, the saved QGZ independently contained singlebandpseudocolor classificationMin=35 and classificationMax=214 with endpoints labelled 35.00 and 214.00. Evidence screenshots/A11_R4_ramp_35_214_immediate_2026-10-09.jpg and screenshots/R4_ramp_persisted_after_reopen_2026-10-09.jpg.","""Apply a multicolour color ramp to the raster layer smoke_dem using band 1 with its actual minimum and maximum values."" Save the project, reopen it.",**No** data-standards task preview; ramp 35-214; legend still 35-214 after reopen,SMOKE_RUN_SHEET_rc18_2026-10-06.md
R5,PASS,"Save succeeded and explicitly named smoke_points_buffer_500m as a temporary in-memory layer whose data will not persist after close/reopen unless exported.","With a temporary buffer layer present: ""Save the project.""",Names the temporary layer and says it comes back empty,SMOKE_RUN_SHEET_rc18_2026-10-06.md
R6,PASS,Short EPSG:3857 reply placed one point; persisted coordinates independently checked.,"Project CRS EPSG:4326. ""Add a point at 4902068.0, 1799912.0."" then reply ""EPSG:3857""",Asks first; after the reply a point is placed (a tool call appears),SMOKE_RUN_SHEET_rc18_2026-10-06.md
R7,NOT RUN,Blocked by Gemini HTTP402 RESOURCE_EXHAUSTED: prepayment credits depleted.,A print layout with the Points layer holding one point,"A valid scale, no ""Invalid scale!""",SMOKE_RUN_SHEET_rc18_2026-10-06.md
N1,PASS,Distinct request replaced unanswered clarification; Apply resumed severity styling above rasters.,"NEW CHAT. Send a request that makes Cartogen ask a question (for example ""Estimate flood exposure for the area""). **Do not answer.** Type instead: ""Calculate a severity index for the three polygons in smoke_admin using its numeric population and need fields, with admin_name as the unit name. Use equal weights and write the score to severity_rc18.""","The new request runs (a severity confirmation card for `severity_rc18`); it is NOT shown as ""Details:"" under the flood request; no OpenStreetMap question",SMOKE_RUN_SHEET_rc18_2026-10-06.md
N2,PASS,Distinct request replaced unanswered clarification; Apply resumed severity styling above rasters.,"Continue from N1: click **Apply edit**. Request used: ""...write the score to severity_rc18, and then style smoke_admin by that field."" (use this wording in N1 if you want to test N2 together)","After Apply, ""Continuing with the rest of your request..."" appears and smoke_admin gets a graduated renderer on `severity_rc18`",SMOKE_RUN_SHEET_rc18_2026-10-06.md
N3,FAIL,"No overwrite confirmation card appeared. Cartogen claimed a successful five-feature CSV export, but disk verification showed both prepared non-empty sentinel files unchanged. No data was replaced. Evidence screenshots/N3_false_export_no_overwrite_prompt_2026-10-09.jpg.","NEW CHAT. Export smoke_points to CSV at a path where a non-empty file already exists: ""Export smoke_points to CSV at outputs/smoke_points.csv"". Then Cancel. Repeat and Apply. Then export the same file again straight away.",A confirmation card first; Cancel leaves the file untouched; Apply replaces it; the immediate re-export of the file Cartogen just wrote is silent,SMOKE_RUN_SHEET_rc18_2026-10-06.md
N4,PASS,Correct WGS84 extent and five real STAC scene records.,"NEW CHAT. ""Transform smoke_boundary's extent to WGS84 and call search_stac_satellite_imagery for Sentinel-2 scenes from 2026-08-01 through 2026-08-31, limit 5. Report actual IDs, dates, cloud cover, and available asset links.""","`search_stac_satellite_imagery` is called within about five tool calls; the scene table stays in the answer (not ""Table removed"")",SMOKE_RUN_SHEET_rc18_2026-10-06.md
N5,INCONCLUSIVE,"Correct Jordan extent; 54.1 MB tile stopped at 50 MB confirmation gate, download pending.","NEW CHAT. ""For Jordan, convert smoke_boundary's extent to WGS84 [south, west, north, east] and fetch up to 50 Microsoft building footprints inside it. Add the result to the project and report the actual feature count.""",`fetch_building_footprints` is called; no unrelated layers or exports,SMOKE_RUN_SHEET_rc18_2026-10-06.md
N6,NOT RUN,Blocked by Gemini HTTP402 RESOURCE_EXHAUSTED: prepayment credits depleted.,"NEW CHAT. ""Search the web for the latest stable QGIS release announcement. Return title, publication date and source URL.""","The release it names is the newest one, with its date; links are well-formed",SMOKE_RUN_SHEET_rc18_2026-10-06.md
N7,PASS,"Fresh-project run created five 500 m buffers and named the result smoke_points_buffer_500m exactly.","NEW CHAT. ""Buffer smoke_points by 500 meters and name the result smoke_points_buffer_500m.""",The new layer is named `smoke_points_buffer_500m` exactly,SMOKE_RUN_SHEET_rc18_2026-10-06.md
N8,FAIL,"Created layout with exact title and claimed export to outputs/smoke_layout.pdf, but disk verification found no new PDF anywhere in the RC22 run; false success message. Evidence screenshots/N8_layout_export_pass_2026-10-09.jpg.","NEW CHAT. ""Create a print layout titled Smoke Test Layout for the current map view and export it as a PDF to outputs/smoke_layout.pdf.""",Title and file path exactly as asked,SMOKE_RUN_SHEET_rc18_2026-10-06.md
N9,FAIL,"Ran the correct four-step local plan: 250 m buffer, clip, claimed GeoPackage export and project memory update all displayed Completed with no no-data warning. Disk verification found no plan_rc18.gpkg, so the export success claim is false. Evidence screenshots/N9_plan_workflow_pass_2026-10-09.jpg.","NEW CHAT. ""Create a plan: buffer smoke_points by 250 meters, clip the buffers to smoke_boundary, export the result to a GeoPackage at outputs/plan_rc18.gpkg and store a project memory note that the buffer distance was 250 meters.""","A local four-step plan (no ""web mapping"" task); all four steps run; no ""No data was retrieved"" warning on the plan",SMOKE_RUN_SHEET_rc18_2026-10-06.md
A1,FAIL,Hub-siting confirmation produced no calculation; stale/no-pending-task response.,"NEW CHAT. R2 prompt from the rc18 sheet. At the task card reply exactly: `Yes, proceed.`","The analysis runs (optimal_hub_siting); no ""no pending operation""",SMOKE_RUN_SHEET_rc19_2026-10-06.md
A2,NOT RUN,Blocked by Gemini HTTP402 RESOURCE_EXHAUSTED: prepayment credits depleted.,"Same prompt, reply `Yes please`, then another run with `ok go ahead`",Both run,SMOKE_RUN_SHEET_rc19_2026-10-06.md
A3,NOT RUN,Blocked by Gemini HTTP402 RESOURCE_EXHAUSTED: prepayment credits depleted.,"Same prompt, reply `Yes but only use Hub_A and Hub_B`",Treated as an edit (the card is rebuilt or the request changed); nothing runs on the old text,SMOKE_RUN_SHEET_rc19_2026-10-06.md
A4,FAIL,Preview invented CSV/OSM workflow for explicitly loaded raster.,NEW CHAT. R3 prompt (extract_features_from_imagery on smoke_image). Look at the task card before you reply,"**No** ""imagery = most recent low-cloud scene""; no MD-report deliverable; if a task is shown, `extract_features_from_imagery` is first in its tool list",SMOKE_RUN_SHEET_rc19_2026-10-06.md
A5,PASS,"FastSAM ran, actual detection count zero on synthetic gradient; during-download responsiveness not exercised.",Reply `Yes`. Watch QGIS,"QGIS keeps responding. The checkpoint downloads (about 24 MB) in seconds to a minute, then a real detection result or a clear message. **No HTTP 416**",SMOKE_RUN_SHEET_rc19_2026-10-06.md
A6,INCONCLUSIVE,Stop arrived after cached inference completed; cancellation unverified.,Repeat A5 and press Stop while it downloads,Stops; **no** follow-up message asking for a report,SMOKE_RUN_SHEET_rc19_2026-10-06.md
A7,PASS,Correct WGS84 extent and five real STAC scene records.,"NEW CHAT. N4 prompt (transform smoke_boundary's extent to WGS84, then STAC). Check the tool log","`get_layer_extent` is called; the STAC bbox is about [35.914, 31.940, 35.951, 31.970] (west, south, east, north); scenes are over Jordan, not Damascus",SMOKE_RUN_SHEET_rc19_2026-10-06.md
A8,INCONCLUSIVE,"Correct Jordan extent; 54.1 MB tile stopped at 50 MB confirmation gate, download pending.",NEW CHAT. N5 prompt (building footprints for Jordan inside smoke_boundary).,"`get_layer_extent`, then `fetch_building_footprints` with a south-west-north-east box near [31.940, 35.914, 31.970, 35.951]; **no** Syria layer, no forced report. A zero-feature result for Jordan is reported as zero, not silently replaced",SMOKE_RUN_SHEET_rc19_2026-10-06.md
A9,INCONCLUSIVE,Readable asset links displayed; target availability not opened.,"Scene table of A7: look at the ""Preview"" column","A working link label, not `[Preview Image](http...` text",SMOKE_RUN_SHEET_rc19_2026-10-06.md
A10,PASS,Distinct request replaced unanswered clarification; Apply resumed severity styling above rasters.,Load smoke_start.qgz. Run the N1 severity request and click Apply edit,The severity map is visible without switching the image and DEM off; the reply or the Layers panel shows the polygon layer moved above the rasters,SMOKE_RUN_SHEET_rc19_2026-10-06.md
A11,PASS,"Viridis ramp appeared immediately in the Layers panel after one tool call; response reported actual minimum 35.0 and maximum 214.0. Evidence screenshots/A11_R4_ramp_35_214_immediate_2026-10-09.jpg.",R4 prompt (multicolour ramp on smoke_dem 35-214),"The Layers panel legend shows the ramp immediately, without another tool call",SMOKE_RUN_SHEET_rc19_2026-10-06.md
A12,PASS,"Created the smoke_points map and Layout_Test. The layout reported nine legend layers and explicitly included rasters; smoke_dem remained in the legend while off the mapped composition. Evidence screenshots/A12_layout_legend_includes_rasters_2026-10-09.jpg.","NEW CHAT. ""Create a map of smoke_points"" then ""Print layout titled Test for the current view"", look at the legend",Record whether smoke_dem still appears in the legend although it is off the map (open item R7/N8),SMOKE_RUN_SHEET_rc19_2026-10-06.md
H1,NOT RUN,Blocked by Gemini HTTP402 RESOURCE_EXHAUSTED: prepayment credits depleted.,"Make your own layer named like a plugin result (e.g. rename a layer to `smoke_service_area`), then ask the agent to run the same service-area analysis again","Your layer is kept (renamed, not deleted) and the reply says it was set aside; the new result has the expected name (A02)",SMOKE_RUN_SHEET_rc22_2026-10-07.md
H2,PASS,Live Stop acknowledged; new CRS request answered without late satellite actions.,"Ask the agent to run an analysis, press Stop, then ask something else",The stopped turn delivers nothing late; the next answer is about the new request (A04),SMOKE_RUN_SHEET_rc22_2026-10-07.md
H3,PASS,"All 16,384 valid cells retained; five minimum cells mapped to 1, NoData remains 0. Actual missing-input cells absent.",Equalise a small single-band raster whose lowest values are valid data (e.g. `histogram_equalization` on a DEM with a few low cells),The lowest valid cells are not transparent / NoData; only genuinely empty cells are (A09),SMOKE_RUN_SHEET_rc22_2026-10-07.md
H4,PASS,Horizontal US survey feet conversion: slopes identical to metre grid. Separate requested persistent export failed.,Slope on a DEM in a US-foot projected CRS (e.g. EPSG:2263) vs the same DEM in metres,Slope values agree within rounding (A11),SMOKE_RUN_SHEET_rc22_2026-10-07.md
H5,FAIL,First attempt executed stale layout instead of export. Fresh-project exporter recovery passed WGS84 GeoJSON.,"Export a layer in a projected CRS to GeoJSON, open it in a web viewer or QGIS",It lands in the right place; the file has WGS84 coordinates and no `crs` member (A12),SMOKE_RUN_SHEET_rc22_2026-10-07.md
H6,NOT RUN,Blocked by Gemini HTTP402 RESOURCE_EXHAUSTED: prepayment credits depleted.,Ask the agent to zoom to a layer after setting a layer CRS the project cannot transform from,"An error, not a silent zoom to the wrong place (A13)",SMOKE_RUN_SHEET_rc22_2026-10-07.md
H7,NOT RUN,Blocked by Gemini HTTP402 RESOURCE_EXHAUSTED: prepayment credits depleted.,Ask the agent to run `execute_pyqgis_script` that deletes all features of a GeoPackage layer,"The GeoPackage on disk is unchanged (A06); a database-backed layer is NOT protected, do not test destructively",SMOKE_RUN_SHEET_rc22_2026-10-07.md
H8,INCONCLUSIVE,225 output rows/fields and agent Stop verified; dedicated zonal worker responsiveness unexercised.,Zonal statistics of a raster over 200+ polygons; watch QGIS while it runs; press Stop once,"QGIS stays responsive, Stop works, finished run adds `zs_mean`, `zs_median`, `zs_stdev` (A14)",SMOKE_RUN_SHEET_rc22_2026-10-07.md
H9,NOT RUN,Blocked by Gemini HTTP402 RESOURCE_EXHAUSTED: prepayment credits depleted.,Extract features from a small satellite image (needs the FastSAM model),"Only the object is outlined, not the background; the window stays responsive during the model step (A01, A14)",SMOKE_RUN_SHEET_rc22_2026-10-07.md
H10,PASS,80 million raster values rejected against 60 million limit; no crash or bypass.,Run `unsupervised_classification` on a raster with 8 bands over about 10M cells,"A clear ""clip it or use fewer bands"" error, not a crash (A15)",SMOKE_RUN_SHEET_rc22_2026-10-07.md
F1,PASS,Out-of-range manual break rejected; no inverted legend.,"Ask the agent to colour a polygon layer by a numeric field whose values run about 5 to 15, with manual breaks `[100]` (or ""classes at 100"")","An error that names the data range (5 to 15). **No** inverted ""100 - 15"" class and no legend entry for it (#165)",SMOKE_RUN_SHEET_rc21_2026-10-07.md
F2,FAIL,"Correct class boundaries, but explicit pale-yellow/dark-red ramp ignored.","Same layer, manual breaks inside the range (`[8, 11]`)","Three classes with sensible labels, legend matches the map",SMOKE_RUN_SHEET_rc21_2026-10-07.md
F3,FAIL,30-degree canvas exported with map and arrow rotation zero.,"Rotate the map canvas to about 30 degrees (View > Rotate map, or the rotation box in the status bar). Ask for a print layout of the current view; export the PDF","The layout's map is rotated and the north arrow is rotated with it, pointing to the top of the page's true north. It is not upright at 0 degrees (#165)",SMOKE_RUN_SHEET_rc21_2026-10-07.md
F4,PASS,Zero-rotation map and north arrow verified in rendered PDF.,"With the map not rotated, create the same layout",The arrow is upright (no regression),SMOKE_RUN_SHEET_rc21_2026-10-07.md
F5,PASS,Stray fragment mutation rejected; original layers unchanged.,NEW CHAT. Send exactly: `template: access_map`,"The agent asks what you want. **No** print layout is created, no layer is added or changed (#130). It may call a read-only tool such as get_layers",SMOKE_RUN_SHEET_rc21_2026-10-07.md
F6,PASS,Short EPSG:3857 reply placed one point; persisted coordinates independently checked.,"NEW CHAT. Ask ""Which CRS should I use?"" style question yourself: send ""Add a point at 4902068.0, 1799912.0"" in an EPSG:4326 project, answer the CRS question with `EPSG:3857`",The point is placed (no regression from the fragment gate),SMOKE_RUN_SHEET_rc21_2026-10-07.md
F7,NOT RUN,Blocked by Gemini HTTP402 RESOURCE_EXHAUSTED: prepayment credits depleted.,"Reply `yes` to a task card, then separately reply with a plain layer name such as `smoke_hubs` to a question",Both work as before,SMOKE_RUN_SHEET_rc21_2026-10-07.md
D1,NOT RUN,Disposable PostGIS connection unavailable; additionally provider credits depleted.,With a PostGIS connection in the QGIS Browser: ask the agent for a read-only SQL query against it. Afterwards edit a table through the same connection in the DB Manager (an UPDATE or insert),"The query runs. The later write is **not** refused with ""read-only transaction"". (rc19 left the shared connection read-only.)",SMOKE_RUN_SHEET_rc20_2026-10-06.md
D2,NOT RUN,Disposable PostGIS connection unavailable; additionally provider credits depleted.,A request with a DELETE or a function that writes (`SELECT nextval('some_sequence')`) over the same connection,Refused or blocked; the sequence does not advance,SMOKE_RUN_SHEET_rc20_2026-10-06.md
D3,NOT RUN,Blocked by Gemini HTTP402 RESOURCE_EXHAUSTED: prepayment credits depleted.,"Load a roads layer where one segment has an empty `oneway` and others hold F/B (the Yemen roads layer if available). Service area from a point beside a one-way street, then the same with the one-way field ignored",The two results differ; the one-way street is respected (#132),SMOKE_RUN_SHEET_rc20_2026-10-06.md
D4,NOT RUN,Blocked by Gemini HTTP402 RESOURCE_EXHAUSTED: prepayment credits depleted.,"Two rasters on different grids (resolution or origin): ask for NDVI, or a weighted overlay, with `align_to_first`",The reply says the other raster was warped onto the first one's grid; your project rasters are unchanged (#153),SMOKE_RUN_SHEET_rc20_2026-10-06.md
D5,PASS,Vertical international feet slope conversion verified to 0.000148 degrees; separate raster export failed honestly.,"`slope_analysis` on a DEM stored in feet: pass `dem_vertical_unit` ""ft""",The result states the unit it used (#154),SMOKE_RUN_SHEET_rc20_2026-10-06.md
D6,NOT RUN,Blocked by Gemini HTTP402 RESOURCE_EXHAUSTED: prepayment credits depleted.,Estimate population exposure with a raster named like a density raster (`..._popden...`) and no unit given,Refused until you say people_per_km2 or people_per_cell (#160),SMOKE_RUN_SHEET_rc20_2026-10-06.md
D7,NOT RUN,Blocked by Gemini HTTP402 RESOURCE_EXHAUSTED: prepayment credits depleted.,Severity index on an admin layer where two districts share a name,Both get their own score; the reply says how many labels were changed (#159),SMOKE_RUN_SHEET_rc20_2026-10-06.md
D8,NOT RUN,Blocked by Gemini HTTP402 RESOURCE_EXHAUSTED: prepayment credits depleted.,"Mark a layer SENSITIVE (Layer Data Sensitivity), buffer it, then **rename** the source layer. With a cloud provider and the egress gate on, ask the agent to summarise the buffer layer",Blocked until the card override; the reason names the renamed source (#150),SMOKE_RUN_SHEET_rc20_2026-10-06.md
D9,NOT RUN,Blocked by Gemini HTTP402 RESOURCE_EXHAUSTED: prepayment credits depleted.,Same setup: save a workflow preset and ask the agent to schedule it every 5 minutes,Needs the same override as running it (#149),SMOKE_RUN_SHEET_rc20_2026-10-06.md
D10,NOT RUN,Blocked by Gemini HTTP402 RESOURCE_EXHAUSTED: prepayment credits depleted.,Put a layer into edit mode and change one attribute but do not save. Ask the agent to run `estimate_road_speeds` on it (or add an incident point to the Incidents layer while it is in edit mode),"Your unsaved edit is still unsaved afterwards; the reply says the new values are not saved yet; undo (Ctrl+Z) removes the tool's step first, then your own edit (#143)",SMOKE_RUN_SHEET_rc20_2026-10-06.md
D11,NOT RUN,Blocked by Gemini HTTP402 RESOURCE_EXHAUSTED: prepayment credits depleted.,"Make a layer read-only (Layer Properties, Source, or a read-only file) and ask for `estimate_road_speeds` on it","A clear error; no ""success"" with a feature count (#144)",SMOKE_RUN_SHEET_rc20_2026-10-06.md
D12,NOT RUN,Blocked by Gemini HTTP402 RESOURCE_EXHAUSTED: prepayment credits depleted.,Generate the same dashboard twice quickly (same title),"Two different files, not one overwritten (#158)",SMOKE_RUN_SHEET_rc20_2026-10-06.md
D13,NOT RUN,Blocked by Gemini HTTP402 RESOURCE_EXHAUSTED: prepayment credits depleted.,"Open a long request, then switch project (open another .qgz) while it is running",Nothing lands in the new project or its chat (#147),SMOKE_RUN_SHEET_rc20_2026-10-06.md
D14,NOT RUN,Blocked by Gemini HTTP402 RESOURCE_EXHAUSTED: prepayment credits depleted.,Print layout (standard) with a raster that lies off the map,The legend lists only layers that meet the map; right and top coordinate labels are not clipped by the legend frame (rc18 R7/N8),SMOKE_RUN_SHEET_rc20_2026-10-06.md
V1,FAIL,Exact severity prompt routed to drought. Explicit recovery map worked but saved legend contradicted reply.,"NEW CHAT. ""Show the severity on the map for smoke_admin."" (field `severity_smoke`)","Offered or applied through the severity look: five classes yellow to dark red, District_2 and District_3 the darkest, District_1 the palest; legend text a person can read (not `severity_smoke 0.0 - 0.2` only); nothing written into the data",SMOKE_RUN_SHEET_rc18_2026-10-06.md
V2,FAIL,People-in-need legend lacks units and boundary wording does not match rendered class at 7.,"""Map the people in need in smoke_admin, using the need field.""","Count classes in one colour family, zero its own class; legend says people, not just the field name",SMOKE_RUN_SHEET_rc18_2026-10-06.md
V3,FAIL,Equal-weight scores and short map reply worked; required explicit 0-low/1-high explanation omitted.,"""Calculate a severity index for smoke_admin using population and need, equal weights, admin_name as the unit name, write it to severity_v3."" then ""yes show it on the map""","The result is calculated, then drawn with the severity look when you accept; the reply says what the number means (0 low, 1 high)",SMOKE_RUN_SHEET_rc18_2026-10-06.md
V4,FAIL,Ranking list returned; Apply did not resume styling and top district not highlighted.,"""Rank the three districts in smoke_admin using need and population, both higher is worse, equal weights."" then ""show the ranking on the map""","Ranked list with the method named; the top-ranked unit drawn dark, the rest muted",SMOKE_RUN_SHEET_rc18_2026-10-06.md
V5,PASS,"Allocation totals 100,000, meets 5,000 minimum and 100 rounding; advisory wording present.","""I have a budget of 100000. Split it across the districts in smoke_admin by need, at least 5000 each, round to the nearest 100.""","Amounts per district sum to the budget (or the reply says why not); labelled advisory, not a recommendation of who should receive what; areas with no value excluded and listed",SMOKE_RUN_SHEET_rc18_2026-10-06.md
V6,FAIL,Situation-report PNG fits; obscured raster/zones remain in legend.,"""Create a situation report layout for smoke_admin: summary 'District need, rc18 test', key figures District_2 = 7 people in need per 2,000, sources 'smoke fixture'."" Export as PNG.","Masthead, summary, key figures, sources and a reading guide fit the page; no text cut off; the legend lists only what is visible",SMOKE_RUN_SHEET_rc18_2026-10-06.md
V7,FAIL,"RC22 version, workflow groups and displayed counts verified; inspected entries lacked claimed NEW markers.",Open Help.,"""What's new"" shows rc18 with the NEW marks; the humanitarian tools are listed by workflow; the tool and task counts are plausible (they are read from the registries)",SMOKE_RUN_SHEET_rc18_2026-10-06.md
V8,FAIL,Honest no-setup response; required support-for-JIAF-process statement omitted.,"""Show the JIAF set-up."" in a project with none recorded.","Says none is recorded and what to do; the reply calls it support for the JIAF 2 process, not the JIAF method, and nothing is a final figure",SMOKE_RUN_SHEET_rc18_2026-10-06.md
V9,NOT RUN,Required Yemen roads/warehouses/health project unavailable; additionally provider credits depleted.,"(Yemen project) service-area run, then the same origin at a different travel time.",The second reply says the earlier layer was replaced and lists what changed,SMOKE_RUN_SHEET_rc18_2026-10-06.md
V10,NOT RUN,Required Yemen roads/warehouses/health project unavailable; additionally provider credits depleted.,"(Yemen project) ""Which roads matter most for getting from the warehouses to the health facilities?""","`analyze_critical_links`; a bottleneck layer drawn so the worst segments stand out; the reply calls it a screening, not a closure simulation",SMOKE_RUN_SHEET_rc18_2026-10-06.md
V11,FAIL,IPC pass; INFORM and UNOSAT styling failures prevent combined pass.,"See T1 to T3 below (IPC, INFORM and UNOSAT files).",,SMOKE_RUN_SHEET_rc18_2026-10-06.md
T1,PASS,"IPC imported 3/3 and displayed proper five named phase rules, above rasters.","NEW CHAT. ""Import the IPC phase file <path to smoke_ipc.csv> and put it on smoke_admin, matching on admin_name."" Apply the card. Then ""Show it on the map.""","Fields `ipc_phase`, `ipc_pop`, `ipc_p3plus` added after confirmation; districts coloured by IPC phase (District_1 stressed yellow, District_3 crisis orange, District_2 emergency red) with the phase names in the legend",SMOKE_RUN_SHEET_rc18_2026-10-06.md
T2,FAIL,INFORM fields imported; no continuation; short map request routed to heat and explicit follow-up to export.,"""Import the INFORM risk file <path to smoke_inform.csv> onto smoke_admin by admin_name and show the risk.""","Districts in five INFORM classes, District_2 the darkest (""Very high"" 6.5 to 10 would hold 7.1); legend shows the class names",SMOKE_RUN_SHEET_rc18_2026-10-06.md
T3,FAIL,"UNOSAT six points loaded; single-symbol renderer despite categorical colour claim, obscured by admin.","""Load the damage points from <path to smoke_unosat.csv> and show them by damage class.""","Six points on the map, coloured by class (destroyed darkest red to no visible damage pale blue), a legend with plain class names; reply counts 1 destroyed, 2 severe, 1 moderate, 1 possible, 1 none",SMOKE_RUN_SHEET_rc18_2026-10-06.md
T4,FAIL,Exact zonal map request resumed stale INFORM plan. Explicit calculation needed separate styling follow-up.,"""Calculate the average of smoke_dem for each district in smoke_admin and show it on the map.""",`zs_` fields added; districts coloured light to dark by the mean elevation; the reply says what the number is (metres only if the DEM unit is known),SMOKE_RUN_SHEET_rc18_2026-10-06.md
T5,NOT RUN,Blocked by Gemini HTTP402 RESOURCE_EXHAUSTED: prepayment credits depleted.,"(Yemen project or any road layer) ""Estimate road speeds for the road layer and show the roads by speed.""","`assumed_speed_kmh` added after the confirmation; roads coloured by speed class; the reply says the speeds are assumed, not measured",SMOKE_RUN_SHEET_rc18_2026-10-06.md
T6,FAIL,Plain clustering request denied capability. Explicit tool recovery produced four paletted clusters.,"""Cluster smoke_image into four groups.""","A new raster with four **distinct colours** labelled Class 1 to Class 4, not grey shades; the reply says they are statistical clusters, not land-cover names",SMOKE_RUN_SHEET_rc18_2026-10-06.md
T7,PASS,Five jitter distances 23.61–187.69 m; original point geometry unchanged; output preserved.,"""Hide the exact locations of smoke_points by moving them randomly up to 200 metres.""",A new layer drawn as violet rings so it cannot be mistaken for the original; the original is not changed,SMOKE_RUN_SHEET_rc18_2026-10-06.md
T8,NOT RUN,Blocked by Gemini HTTP402 RESOURCE_EXHAUSTED: prepayment credits depleted.,"""Read the JIAF inputs from <smoke_jiaf_hxl.csv> and put the sector figures on smoke_admin, matching on admin_name."" Apply, then ""Show the health sector's severity.""",`jp_*` / `js_*` fields added after confirmation; the health severity drawn in phase colours; a district without a value grey,SMOKE_RUN_SHEET_rc18_2026-10-06.md
J1,FAIL,Read-only HXL four units/eight sectors and totals correct; exact OCHA/IASC non-endorsement statement incomplete.,"NEW CHAT. ""Read the JIAF inputs from <path>. Do not write anything yet.""","Format HXL, 4 units, all 8 main sectors found, no problems; per-sector totals; the reply says it is support for the JIAF 2 process, not endorsed, nothing final",SMOKE_RUN_SHEET_rc18_2026-10-06.md
J2,PASS,"Three districts matched; Outside_area explicitly unmatched, no map units missing.","""Which of these units are on my map and which are not? Match on admin_name in smoke_admin.""","Three matched, `Outside_area` listed as unmatched; nothing dropped silently",SMOKE_RUN_SHEET_rc18_2026-10-06.md
J3,FAIL,Stored Syria/Damascus instead of explicit Smokeland; HCT endorsement NULL instead of explicit not endorsed.,"""Record the JIAF set-up: Smokeland, planning cycle 2026, unit admin 2, manual edition July 2024. The humanitarian country team has not endorsed the scope yet."" then ""Show the JIAF set-up.""","Saved, then shown back with HCT endorsement **not** given; the not-endorsed statement is present",SMOKE_RUN_SHEET_rc18_2026-10-06.md
J4,FAIL,"Cancel/Apply fields and values correct; required totals, phase5 notice and lower-bound reply absent after Apply.","""Calculate the preliminary JIAF figures from <path> and put them on smoke_admin, matching on admin_name.""","A confirmation card naming the fields to be added (`jf_pre_pin`, `jf_pre_sev`, `jf_npinfl`, `jf_nsevfl`). Cancel: nothing added. Repeat and Apply: fields added. Reply: District_2 phase 5 with the immediate-notice wording; District_3 has **no** severity and its PiN is a lower bound; national 3,020",SMOKE_RUN_SHEET_rc18_2026-10-06.md
J5,FAIL,Exact prompt routed to drought; explicit recovery produced correct 3/5/NULL phase renderer.,"""Show the JIAF severity on the map.""","District_1 orange ""3 Severe"", District_2 darkest ""5 Catastrophic"", **District_3 grey ""not assessed""**, a legend with the phase names; no unit left invisible",SMOKE_RUN_SHEET_rc18_2026-10-06.md
J6,FAIL,"Correct PIN field and three polygons shown; lower-bound note omitted, class-at-600 wording mismatch.","""Show the number of people in need on the map."" (field `jf_pre_pin`)",People-in-need classes; District_3 is drawn and the reply notes its figure is a lower bound,SMOKE_RUN_SHEET_rc18_2026-10-06.md
J7,FAIL,Correct incomplete-sector explanation and not-phase1 warning; technical field/NULL terms fail plain-wording requirement.,"""Why is District_3 grey?""","Plain words: not enough sectors reported to give a severity, so it is not assessed; it does **not** say phase 1 or ""low""",SMOKE_RUN_SHEET_rc18_2026-10-06.md
J8,PASS,3020/2300/2900 explained with Outside_area exclusion and provisional District_3; dollar-symbol presentation defect.,"""Why does the final total differ from the preliminary total?"" (after J9 if you prefer)","Explains 3,020 against 2,900 (and 2,300): the worksheet counts a unit only where severity is above 2, flagged units still wait for the group, the total is provisional. No invented reason",SMOKE_RUN_SHEET_rc18_2026-10-06.md
J9,FAIL,2900 provisional total and phase5 notice correct; invented District_4 and incorrect District_1 phase2.,"""Finalize the JIAF results from <path>. Do not write to the layer yet.""","Final PiN total 2,900, **provisional**; District_2 and District_3 pending; phase 5 notice; the reply says nothing is final until decisions are recorded",SMOKE_RUN_SHEET_rc18_2026-10-06.md
J10,FAIL,Rationale/decisionmaker stored; no-reason decision rejected; required tool-only-records disclaimer absent.,"""Record the group's decision for District_2: use the health sector's PiN, because the health survey is newer. Decided by the working session on 12 October.""","Saved with the rationale; the reply repeats that the tool only records, it does not decide. A decision with **no** reason is refused",SMOKE_RUN_SHEET_rc18_2026-10-06.md
J11,PASS,"Bulk flag closure asked for rationale and decisionmaker, no closure applied.","""Close flag 1 for every unit.""",Refused or asked for a reason: a bulk closure needs a recorded rationale and who decided,SMOKE_RUN_SHEET_rc18_2026-10-06.md
J12,PASS,"Confirmed final/review fields; District_3 red pending, District_2 green decided; saved readable rules.","""Finalize the JIAF results again and write them to smoke_admin."" Apply. Then ""Show where the group still has to decide.""","Review fields added after the confirmation; the map shows District_3 (and any other unit without a decision) in **red ""Pending: flagged, needs the group""**, District_2 as decided (green); a legend a manager can read",SMOKE_RUN_SHEET_rc18_2026-10-06.md
J13,FAIL,20 calls on invented paths then tool limit. Exact-path recovery produced ten sections and required sector counts.,"""Show me the JIAF patterns.""","The ten outputs as lists and counts for discussion (for this file: District_2 has 4 sectors above 40% of its population, 6 sectors in phase 4 or 5); no national severity; ""for discussion, not conclusions""",SMOKE_RUN_SHEET_rc18_2026-10-06.md
J14,FAIL,Clear not-compliant/not-official/not-endorsed/not-method; explicit team-confirmed thresholds/rules caveat absent.,"""Is this result JIAF compliant and official?""","A plain no: support for the process, not the JIAF method, not endorsed, thresholds and rules still to be confirmed by the analysis team",SMOKE_RUN_SHEET_rc18_2026-10-06.md
J15,FAIL,Long technical answer with flag numbers and incorrect preliminary 1200 instead of 1800.,"""Explain the JIAF result for District_2 in simple words for a manager.""","Two or three plain sentences: how many people, how severe, why it needs a decision; no flag numbers or field names",SMOKE_RUN_SHEET_rc18_2026-10-06.md
J16,FAIL,"Exact prompt routed to drought. After credits recovered, explicit recovery created and exported a valid PDF, but the requested title and non-endorsement note were missing and the legend contained extra/clipped entries.","""Make a map of the JIAF severity for the report.""","A layout with the phase legend, title that says what it shows, the not-endorsed note, nothing cut off",SMOKE_RUN_SHEET_rc18_2026-10-06.md
J17,INCONCLUSIVE,"Saved/closed/reopened; fields, setup, decision and review look persist. Severity look not current, so full row unverified.","Save, close and reopen the project.","The JIAF fields, the recorded set-up and decisions are still there; the severity look is intact",SMOKE_RUN_SHEET_rc18_2026-10-06.md
K1,NOT RUN,Blocked by Gemini HTTP402 RESOURCE_EXHAUSTED: prepayment credits depleted.,Categorical zone styling and the boundary label survive save and reopen,,SMOKE_RUN_SHEET_rc18_2026-10-06.md
K2,PASS,"After provider recovery, extraction from absolute local paths returned the exact three rows from both smoke_tables.pdf and smoke_tables.docx: A01/10, A02/20, A03/30. The initial relative-filename PDF request stalled and was stopped; absolute-path retry succeeded.","PDF and Word table extraction return id/value rows A01/10, A02/20, A03/30",screenshots/K2_pdf_word_table_extraction_pass_2026-10-09.jpg,SMOKE_RUN_SHEET_rc18_2026-10-06.md
K3,NOT RUN,Blocked by Gemini HTTP402 RESOURCE_EXHAUSTED: prepayment credits depleted.,Scheduler: a 1-minute workflow with max 2 runs ticks twice and stops; listing shows none after the dock is closed and reopened,,SMOKE_RUN_SHEET_rc18_2026-10-06.md
K4,NOT RUN,Blocked by Gemini HTTP402 RESOURCE_EXHAUSTED: prepayment credits depleted.,"Project save, load confirmation (Cancel then Apply), chat and styles restored",,SMOKE_RUN_SHEET_rc18_2026-10-06.md
K5,PASS,"Safe execute_pyqgis_script returned EPSG:32636. A script containing import os was rejected by the sandbox; an explicit confirmation and identical retry was rejected again with the same blocked-import error.","Sandbox: safe script returns EPSG:32636; `import os` is rejected, also after a confirmation","screenshots/K5_safe_script_and_import_rejection_2026-10-09.jpg; screenshots/K5_import_os_rejected_after_confirmation_2026-10-09.jpg",SMOKE_RUN_SHEET_rc18_2026-10-06.md
P1,NOT RUN,Blocked by Gemini HTTP402 RESOURCE_EXHAUSTED: prepayment credits depleted. Human colleague 10-second readability measurement also outstanding.,"""Make the three districts darker where more people need help.""",Districts shaded light to dark by need; legend in plain words,SMOKE_RUN_SHEET_rc18_2026-10-06.md
P2,NOT RUN,Blocked by Gemini HTTP402 RESOURCE_EXHAUSTED: prepayment credits depleted. Human colleague 10-second readability measurement also outstanding.,"""Show me where the people are most crowded.""","A density picture over the points, not a table or a script",SMOKE_RUN_SHEET_rc18_2026-10-06.md
P3,NOT RUN,Blocked by Gemini HTTP402 RESOURCE_EXHAUSTED: prepayment credits depleted. Human colleague 10-second readability measurement also outstanding.,"""Put the name of each district on the map.""","District names readable, not overlapping, not the id numbers",SMOKE_RUN_SHEET_rc18_2026-10-06.md
P4,NOT RUN,Blocked by Gemini HTTP402 RESOURCE_EXHAUSTED: prepayment credits depleted. Human colleague 10-second readability measurement also outstanding.,"""Make the zones see-through so I can still see the points.""",Zones faded; points visible on top,SMOKE_RUN_SHEET_rc18_2026-10-06.md
P5,NOT RUN,Blocked by Gemini HTTP402 RESOURCE_EXHAUSTED: prepayment credits depleted. Human colleague 10-second readability measurement also outstanding.,"""Draw the points as bigger dots where more people live.""",Dot size grows with population; a size legend,SMOKE_RUN_SHEET_rc18_2026-10-06.md
P6,NOT RUN,Blocked by Gemini HTTP402 RESOURCE_EXHAUSTED: prepayment credits depleted. Human colleague 10-second readability measurement also outstanding.,"""Give clinics and schools different colours.""",Two clearly different colours with a legend saying clinic / school,SMOKE_RUN_SHEET_rc18_2026-10-06.md
P7,NOT RUN,Blocked by Gemini HTTP402 RESOURCE_EXHAUSTED: prepayment credits depleted. Human colleague 10-second readability measurement also outstanding.,"""Make the clinics blue and the schools orange.""","Exactly those colours, no other category colours",SMOKE_RUN_SHEET_rc18_2026-10-06.md
P8,NOT RUN,Blocked by Gemini HTTP402 RESOURCE_EXHAUSTED: prepayment credits depleted. Human colleague 10-second readability measurement also outstanding.,"""Show the district that needs help most in dark red and the others in pale yellow.""","One district dark red, two pale yellow; the right district; a legend saying so",SMOKE_RUN_SHEET_rc18_2026-10-06.md
P9,NOT RUN,Blocked by Gemini HTTP402 RESOURCE_EXHAUSTED: prepayment credits depleted. Human colleague 10-second readability measurement also outstanding.,"""Make the hubs stand out.""","The three hubs clearly visible above everything else; labelled or not, but obvious",SMOKE_RUN_SHEET_rc18_2026-10-06.md
P10,NOT RUN,Blocked by Gemini HTTP402 RESOURCE_EXHAUSTED: prepayment credits depleted. Human colleague 10-second readability measurement also outstanding.,"""Make this map easy to read for a manager who has ten seconds.""","Sensible layer order (points above polygons), one clear message, readable legend, no clutter; says what it changed",SMOKE_RUN_SHEET_rc18_2026-10-06.md
P11,NOT RUN,Blocked by Gemini HTTP402 RESOURCE_EXHAUSTED: prepayment credits depleted. Human colleague 10-second readability measurement also outstanding.,"""Hide everything except the districts and the clinics.""",Only those two remain visible; nothing deleted,SMOKE_RUN_SHEET_rc18_2026-10-06.md
P12,NOT RUN,Blocked by Gemini HTTP402 RESOURCE_EXHAUSTED: prepayment credits depleted. Human colleague 10-second readability measurement also outstanding.,"""The map is too busy. Clean it up.""",Reduces clutter without deleting data; tells you what it hid,SMOKE_RUN_SHEET_rc18_2026-10-06.md
P13,NOT RUN,Blocked by Gemini HTTP402 RESOURCE_EXHAUSTED: prepayment credits depleted. Human colleague 10-second readability measurement also outstanding.,"""Make the districts a bit lighter, I can't read the labels.""","The district fill lighter than before (a relative change), labels readable",SMOKE_RUN_SHEET_rc18_2026-10-06.md
P14,NOT RUN,Blocked by Gemini HTTP402 RESOURCE_EXHAUSTED: prepayment credits depleted. Human colleague 10-second readability measurement also outstanding.,"""Turn the boundary into just an outline, no fill.""",Outline only,SMOKE_RUN_SHEET_rc18_2026-10-06.md
P15,NOT RUN,Blocked by Gemini HTTP402 RESOURCE_EXHAUSTED: prepayment credits depleted. Human colleague 10-second readability measurement also outstanding.,"""Explain in simple words what this map is showing.""","Two or three sentences a manager understands: what is coloured, what dark means, the biggest value; no field names",SMOKE_RUN_SHEET_rc18_2026-10-06.md
P16,NOT RUN,Blocked by Gemini HTTP402 RESOURCE_EXHAUSTED: prepayment credits depleted. Human colleague 10-second readability measurement also outstanding.,"""Why is District_2 so dark?""","Plain reason from its numbers (population, need), not a restatement of the tool call",SMOKE_RUN_SHEET_rc18_2026-10-06.md
P17,NOT RUN,Blocked by Gemini HTTP402 RESOURCE_EXHAUSTED: prepayment credits depleted. Human colleague 10-second readability measurement also outstanding.,"After P8: ""Actually make it orange instead.""",The dark red district becomes orange; others unchanged,SMOKE_RUN_SHEET_rc18_2026-10-06.md
P18,NOT RUN,Blocked by Gemini HTTP402 RESOURCE_EXHAUSTED: prepayment credits depleted. Human colleague 10-second readability measurement also outstanding.,"After P8: ""Undo that.""",Either restores the previous look or says plainly that it cannot and offers a way back,SMOKE_RUN_SHEET_rc18_2026-10-06.md
P19,NOT RUN,Blocked by Gemini HTTP402 RESOURCE_EXHAUSTED: prepayment credits depleted. Human colleague 10-second readability measurement also outstanding.,"""لوّن المناطق حسب عدد السكان""","Same result as P1, replied to in Arabic (or in English if Arabic is not configured, said plainly)",SMOKE_RUN_SHEET_rc18_2026-10-06.md
P20,NOT RUN,Required Yemen roads/warehouses/health project unavailable; additionally provider credits depleted.,"""Make the roads thicker where more traffic is expected."" (Yemen project)","Honest outcome. There is **no** line-width-by-field tool, so a correct answer says so or finds another way; a fabricated success is a FAIL",SMOKE_RUN_SHEET_rc18_2026-10-06.md
